Id,Label,Type,Class
Ferrara,Ferrara,Place,Ferrara's Locations
Fadigati,Fadigati,Character,Primary Character
Athos Fadigati,Athos Fadigati,Character,Primary Character
via Gorgadello,via Gorgadello,Place,Ferrara's Locations
Piazza delle Erbe,Piazza delle Erbe,Place,Ferrara's Locations
Venezia,Venezia,Place,Others
io,io,Character,Primary Character
corso Giovecca,corso Giovecca,Place,Ferrara's Locations
corso Roma,corso Roma,Place,Ferrara's Locations
palazzo delle Assicurazioni Generali,palazzo delle Assicurazioni Generali,Place,Ferrara's Locations
Castello,Castello,Place,Ferrara's Locations
Fadigati,Fadigati,Character,Primary Character
Fadigati,Fadigati,Character,Primary Character
Ferrara,Ferrara,Place,Ferrara's Locations
Arcispedale,Arcispedale,Place,Ferrara's Locations
Venezia,Venezia,Place,Others
Canal Grande,Canal Grande,Place,Others
genitori,genitori,Character,Others
sorella,sorella,Character,Others
via Gorgadello,via Gorgadello,Place,Ferrara's Locations
Ferrara,Ferrara,Place,Ferrara's Locations
Arcispedale,Arcispedale,Place,Ferrara's Locations
Fadigati,Fadigati,Character,Primary Character
Fadigati,Fadigati,Character,Primary Character
piazza Cattedrale,piazza Cattedrale,Place,Ferrara's Locations
via Gorgadello,via Gorgadello,Place,Ferrara's Locations
Circolo dei Negozianti,Circolo dei Negozianti,Place,Ferrara's Locations
Unione,Unione,Place,Ferrara's Locations
Comunale di Bologna,Comunale di Bologna,Place,Bologna's Locations
Aureliano Pertile,Aureliano Pertile,Character,Cultural Character
De Chirico,De Chirico,Character,Cultural Character
Casoratino,Casoratino,Character,Cultural Character
De Pisis,De Pisis,Character,Cultural Character
De Pisis,De Pisis,Character,Cultural Character
De Pisis,De Pisis,Character,Cultural Character
Fadigati,Fadigati,Character,Primary Character
Fadigati,Fadigati,Character,Primary Character
corso Giovecca,corso Giovecca,Place,Ferrara's Locations
da Vincenzo,da Vincenzo,Place,Ferrara's Locations
dalla Sandrina,dalla Sandrina,Place,Ferrara's Locations
ai Tre Galletti,ai Tre Galletti,Place,Ferrara's Locations
da Roveraro,da Roveraro,Place,Ferrara's Locations
vicolo del Granchio,vicolo del Granchio,Place,Ferrara's Locations
via Gorgadello,via Gorgadello,Place,Ferrara's Locations
via Bersaglieri del Po,via Bersaglieri del Po,Place,Ferrara's Locations
Mercerie veneziane,Mercerie veneziane,Place,Ferrara's Locations
via Mazzini,via Mazzini,Place,Ferrara's Locations
via Saraceno,via Saraceno,Place,Ferrara's Locations
duomo,duomo,Place,Ferrara's Locations
Piazza Travaglio,Piazza Travaglio,Place,Ferrara's Locations
via Garibaldi,via Garibaldi,Place,Ferrara's Locations
via San Romano,via San Romano,Place,Ferrara's Locations
Fadigati,Fadigati,Character,Primary Character
Excelsior,Excelsior,Place,Ferrara's Locations
Salvini,Salvini,Place,Ferrara's Locations
Rex,Rex,Place,Ferrara's Locations
Diana,Diana,Place,Ferrara's Locations
Fadigati,Fadigati,Character,Primary Character
via Gorgadello,via Gorgadello,Place,Ferrara's Locations
Segretario Federale,Segretario Federale,Character,Others
San Carlo,San Carlo,Place,Ferrara's Locations
duomo,duomo,Place,Ferrara's Locations
dottor Corcos,dottor Corcos,Character,Others
Excelsior,Excelsior,Place,Ferrara's Locations
Salvini,Salvini,Place,Ferrara's Locations
Piazza delle Erbe,Piazza delle Erbe,Place,Ferrara's Locations
Listone,Listone,Place,Ferrara's Locations
via Bersaglieri del Po,via Bersaglieri del Po,Place,Ferrara's Locations
Fadigati,Fadigati,Character,Primary Character
Fadigati,Fadigati,Character,Primary Character
Gorgadello,Gorgadello,Place,Others
Bersaglieri del Po,Bersaglieri del Po,Place,Others
Fadigati,Fadigati,Character,Primary Character
Fadigati,Fadigati,Character,Primary Character
Fadigati,Fadigati,Character,Primary Character
via San Romano,via San Romano,Place,Ferrara's Locations
Fadigati,Fadigati,Character,Primary Character
Ferrara,Ferrara,Place,Ferrara's Locations
Fadigati,Fadigati,Character,Primary Character
Negozianti,Negozianti,Place,Ferrara's Locations
Unione,Unione,Place,Ferrara's Locations
Fadigati,Fadigati,Character,Primary Character
Venezia,Venezia,Place,Others
Biennale,Biennale,Place,Others
Firenze,Firenze,Place,Others
Maggio,Maggio,Place,Others
Berta,Berta,Place,Others
Firenze,Firenze,Place,Others
Wagner,Wagner,Character,Cultural Character
Fadigati,Fadigati,Character,Primary Character
Bruno Walter,Bruno Walter,Character,Cultural Character
Comunale fiorentino,Comunale fiorentino,Place,Others
Fadigati,Fadigati,Character,Primary Character
maestro germanico,maestro germanico,Character,Cultural Character
Fadigati,Fadigati,Character,Primary Character
Fadigati,Fadigati,Character,Primary Character
Maria Grillanzoni,Maria Grillanzoni,Character,Others
Fadigati,Fadigati,Character,Primary Character
Fadigati,Fadigati,Character,Primary Character
Manservigi,Manservigi,Character,Others
corso Roma,corso Roma,Place,Ferrara's Locations
corso Giovecca,corso Giovecca,Place,Ferrara's Locations
Montagnone,Montagnone,Place,Ferrara's Locations
Trapolini,Trapolini,Character,Others
Fadigati,Fadigati,Character,Primary Character
Baùsi,Baùsi,Character,Others
Olao Baùsi,Olao Baùsi,Character,Others
Fadigati,Fadigati,Character,Primary Character
duomo,duomo,Place,Ferrara's Locations
Bach,Bach,Character,Cultural Character
Mozart,Mozart,Character,Cultural Character
Beethoven,Beethoven,Character,Cultural Character
Wagner,Wagner,Character,Cultural Character
Wagner,Wagner,Character,Cultural Character
Manservigi,Manservigi,Character,Others
usciere Trapolini,usciere Trapolini,Character,Others
Baùsi,Baùsi,Character,Others
dottore,dottore,Character,Primary Character
via Gorgadello,via Gorgadello,Place,Ferrara's Locations
Ferrara,Ferrara,Place,Ferrara's Locations
Bologna,Bologna,Place,Bologna's Locations
Ferrara,Ferrara,Place,Ferrara's Locations
Corticella,Corticella,Place,Others
stazione bolognese,stazione bolognese,Place,Bologna's Locations
Ciano,Ciano,Character,Historical Character
ministro delle Comunicazioni,ministro delle Comunicazioni,Character,Others
Ferrara,Ferrara,Place,Ferrara's Locations
Bologna,Bologna,Place,Bologna's Locations
Porta Galliera,Porta Galliera,Place,Bologna's Locations
Bologna,Bologna,Place,Bologna's Locations
viale Cavour,viale Cavour,Place,Ferrara's Locations
Eraldo Deliliers,Eraldo Deliliers,Character,Primary Character
stazione,stazione,Place,Bologna's Locations
Deliliers,Deliliers,Character,Primary Character
Ferrara,Ferrara,Place,Ferrara's Locations
Bologna,Bologna,Place,Bologna's Locations
Ferrara,Ferrara,Place,Ferrara's Locations
colle di San Luca,colle di San Luca,Place,Bologna's Locations
Poggio Renatico,Poggio Renatico,Place,Others
Galliera,Galliera,Place,Bologna's Locations
San Giorgio di Piano,San Giorgio di Piano,Place,Others
San Pietro in Casale,San Pietro in Casale,Place,Others
Castelmaggiore,Castelmaggiore,Place,Others
Corticella,Corticella,Place,Others
Bologna,Bologna,Place,Bologna's Locations
Ferrara,Ferrara,Place,Ferrara's Locations
Bologna,Bologna,Place,Bologna's Locations
Fadigati,Fadigati,Character,Primary Character
Bologna,Bologna,Place,Bologna's Locations
viale Cavour,viale Cavour,Place,Ferrara's Locations
Castello,Castello,Place,Ferrara's Locations
conduttore Aldrovandi,conduttore Aldrovandi,Character,Others
viale Cavour,viale Cavour,Place,Ferrara's Locations
stazione,stazione,Place,Bologna's Locations
Deliliers,Deliliers,Character,Primary Character
mi,mi,Character,Primary Character
Deliliers,Deliliers,Character,Primary Character
tipo,tipo,Character,Primary Character
Fadigati,Fadigati,Character,Primary Character
Fadigati,Fadigati,Character,Primary Character
Bianca Sgarbi,Bianca Sgarbi,Character,Student Character
sorelle Sgarbi,sorelle Sgarbi,Character,Others
Attilia,Attilia,Character,Others
Deliliers,Deliliers,Character,Primary Character
Bianca Sgarbi,Bianca Sgarbi,Character,Student Character
Nino Bottecchiari,Nino Bottecchiari,Character,Student Character
Malta,Malta,Place,Others
Bianca,Bianca,Character,Student Character
Deliliers,Deliliers,Character,Primary Character
Nino Bottecchiari,Nino Bottecchiari,Character,Student Character
vecchio finocchio,vecchio finocchio,Character,Primary Character
Deliliers,Deliliers,Character,Primary Character
San Giorgio di Piano,San Giorgio di Piano,Place,Others
San Pietro in Casale,San Pietro in Casale,Place,Others
Fadigati,Fadigati,Character,Primary Character
Ponza,Ponza,Place,Others
Tremiti,Tremiti,Place,Others
Poggio Renatico,Poggio Renatico,Place,Others
Mi,Mi,Character,Primary Character
Bologna,Bologna,Place,Bologna's Locations
io,io,Character,Primary Character
mi,mi,Character,Primary Character
io,io,Character,Primary Character
stazione,stazione,Place,Bologna's Locations
Mascarella,Mascarella,Place,Bologna's Locations
Fadigati,Fadigati,Character,Primary Character
Mascarella,Mascarella,Place,Bologna's Locations
via Zamboni,via Zamboni,Place,Bologna's Locations
via Indipendenza,via Indipendenza,Place,Bologna's Locations
Deliliers,Deliliers,Character,Primary Character
stazione,stazione,Place,Bologna's Locations
Nino Bottecchiari,Nino Bottecchiari,Character,Student Character
Bianca Sgarbi,Bianca Sgarbi,Character,Student Character
Bianca,Bianca,Character,Student Character
Sergio Pavani,Sergio Pavani,Character,Student Character
Otello Forti,Otello Forti,Character,Student Character
Giovannino Piazza,Giovannino Piazza,Character,Student Character
Enrico Sangiuliano,Enrico Sangiuliano,Character,Student Character
Vittorio Molon,Vittorio Molon,Character,Student Character
Bianca Sgarbi,Bianca Sgarbi,Character,Student Character
io,io,Character,Primary Character
via Indipendenza,via Indipendenza,Place,Bologna's Locations
Fadigati,Fadigati,Character,Primary Character
Nino Bottecchiari,Nino Bottecchiari,Character,Student Character
Bianca Sgarbi,Bianca Sgarbi,Character,Student Character
Fadigati,Fadigati,Character,Primary Character
Nino,Nino,Character,Student Character
Bianca,Bianca,Character,Student Character
Bianca,Bianca,Character,Student Character
Bianca,Bianca,Character,Student Character
Nino,Nino,Character,Student Character
piazza del Nettuno,piazza del Nettuno,Place,Bologna's Locations
Fadigati,Fadigati,Character,Primary Character
Bologna,Bologna,Place,Bologna's Locations
via Gorgadello,via Gorgadello,Place,Ferrara's Locations
Fadigati,Fadigati,Character,Primary Character
Fadigati,Fadigati,Character,Primary Character
Venezia,Venezia,Place,Others
Padova,Padova,Place,Others
Padova,Padova,Place,Others
Ferrara,Ferrara,Place,Ferrara's Locations
Bologna,Bologna,Place,Bologna's Locations
Padova,Padova,Place,Others
Arslan,Arslan,Character,Others
Venezia,Venezia,Place,Others
Padova,Padova,Place,Others
Padova,Padova,Place,Others
Bianca,Bianca,Character,Student Character
Fadigati,Fadigati,Character,Primary Character
Venezia,Venezia,Place,Others
papà,papà,Character,Family Character
mamma,mamma,Character,Family Character
mamma,mamma,Character,Family Character
mamma,mamma,Character,Family Character
Vittorio Molon,Vittorio Molon,Character,Student Character
Fratta Polesine,Fratta Polesine,Place,Others
Vittorio,Vittorio,Character,Student Character
Fadigati,Fadigati,Character,Primary Character
Padova,Padova,Place,Others
Padova,Padova,Place,Others
Elsa Molon,Elsa Molon,Character,Others
signora Molon,signora Molon,Character,Others
via San Francesco,via San Francesco,Place,Others
Padova,Padova,Place,Others
Padova,Padova,Place,Others
Bianca,Bianca,Character,Student Character
Scagnellato,Scagnellato,Character,Others
chiesa di San Francesco,chiesa di San Francesco,Place,Others
Scagnellato,Scagnellato,Character,Others
Deliliers,Deliliers,Character,Primary Character
Bianca,Bianca,Character,Student Character
Deliliers,Deliliers,Character,Primary Character
Fadigati,Fadigati,Character,Primary Character
Fadigati,Fadigati,Character,Primary Character
Deliliers,Deliliers,Character,Primary Character
Bianca,Bianca,Character,Student Character
Deliliers,Deliliers,Character,Primary Character
Fadigati,Fadigati,Character,Primary Character
Bianca,Bianca,Character,Student Character
Bologna,Bologna,Place,Bologna's Locations
stazione,stazione,Place,Bologna's Locations
Stella del Nord,Stella del Nord,Place,Bologna's Locations
Strada Maggiore,Strada Maggiore,Place,Bologna's Locations
da Gigino,da Gigino,Place,Bologna's Locations
due Torri,due Torri,Place,Bologna's Locations
alla Gallina Faraona,alla Gallina Faraona,Place,Bologna's Locations
San Vitale,San Vitale,Place,Bologna's Locations
via Zamboni,via Zamboni,Place,Bologna's Locations
San Pietro in Casale,San Pietro in Casale,Place,Others
stazione,stazione,Place,Bologna's Locations
Deliliers,Deliliers,Character,Primary Character
Nino Bottecchiari,Nino Bottecchiari,Character,Student Character
Nino,Nino,Character,Student Character
Deliliers,Deliliers,Character,Primary Character
Nino,Nino,Character,Student Character
Venezia,Venezia,Place,Others
Nino,Nino,Character,Student Character
Ridolini,Ridolini,Character,Cultural Character
Nino,Nino,Character,Student Character
Franco,Franco,Character,Bourgeoisie Character
Nino,Nino,Character,Student Character
Fadigati,Fadigati,Character,Primary Character
Bianca,Bianca,Character,Student Character
Nino,Nino,Character,Student Character
Fadigati,Fadigati,Character,Primary Character
io,io,Character,Primary Character
Nino,Nino,Character,Student Character
Nino Bottecchiari,Nino Bottecchiari,Character,Student Character
Deliliers,Deliliers,Character,Primary Character
Imperia,Imperia,Place,Others
mi,mi,Character,Primary Character
Ventimiglia,Ventimiglia,Place,Others
Grappa,Grappa,Place,Others
Vittorio Molon,Vittorio Molon,Character,Student Character
Ferrara,Ferrara,Place,Ferrara's Locations
Eraldo,Eraldo,Character,Primary Character
Eraldo Deliliers,Eraldo Deliliers,Character,Primary Character
Caffè della Borsa,Caffè della Borsa,Place,Ferrara's Locations
Deliliers,Deliliers,Character,Primary Character
Deliliers,Deliliers,Character,Primary Character
Fadigati,Fadigati,Character,Primary Character
Deliliers,Deliliers,Character,Primary Character
Deliliers,Deliliers,Character,Primary Character
Fadigati,Fadigati,Character,Primary Character
Deliliers,Deliliers,Character,Primary Character
Deliliers,Deliliers,Character,Primary Character
Fadigati,Fadigati,Character,Primary Character
Nino Bottecchiari,Nino Bottecchiari,Character,Student Character
Nino,Nino,Character,Student Character
Deliliers,Deliliers,Character,Primary Character
Nino,Nino,Character,Student Character
Nino,Nino,Character,Student Character
Bianca,Bianca,Character,Student Character
mi,mi,Character,Primary Character
me,me,Character,Primary Character
mi,mi,Character,Primary Character
Fadigati,Fadigati,Character,Primary Character
mi,mi,Character,Primary Character
mi,mi,Character,Primary Character
mi,mi,Character,Primary Character
mi,mi,Character,Primary Character
mi,mi,Character,Primary Character
Deliliers,Deliliers,Character,Primary Character
Fadigati,Fadigati,Character,Primary Character
Deliliers,Deliliers,Character,Primary Character
Deliliers,Deliliers,Character,Primary Character
Deliliers,Deliliers,Character,Primary Character
via Bomporto,via Bomporto,Place,Ferrara's Locations
dottor Manfredini,dottor Manfredini,Character,Others
Fadigati,Fadigati,Character,Primary Character
dottor Manfredini,dottor Manfredini,Character,Others
Deliliers,Deliliers,Character,Primary Character
Fadigati,Fadigati,Character,Primary Character
Deliliers,Deliliers,Character,Primary Character
Fadigati,Fadigati,Character,Primary Character
Deliliers,Deliliers,Character,Primary Character
da Majani,da Majani,Place,Bologna's Locations
via Indipendenza,via Indipendenza,Place,Bologna's Locations
Nino Bottecchiari,Nino Bottecchiari,Character,Student Character
Pasticceria Majani,Pasticceria Majani,Place,Bologna's Locations
Bologna,Bologna,Place,Bologna's Locations
Deliliers,Deliliers,Character,Primary Character
signore attempato,signore attempato,Character,Primary Character
Deliliers,Deliliers,Character,Primary Character
Fadigati,Fadigati,Character,Primary Character
Riccione,Riccione,Place,Adriatic Region's Locations
padre,padre,Character,Family Character
Dolomiti,Dolomiti,Place,Others
Riccione,Riccione,Place,Adriatic Region's Locations
Grand Hôtel,Grand Hôtel,Place,Adriatic Region's Locations
Io,Io,Character,Primary Character
mamma,mamma,Character,Family Character
Fanny,Fanny,Character,Family Character
sorellina minore,sorellina minore,Character,Family Character
Ferrara,Ferrara,Place,Ferrara's Locations
Ernesto,Ernesto,Character,Family Character
fratello,fratello,Character,Family Character
Inghilterra,Inghilterra,Place,Others
Bath,Bath,Place,Others
padre,padre,Character,Family Character
Masi Torello,Masi Torello,Character,Others
Fadigati,Fadigati,Character,Primary Character
Deliliers,Deliliers,Character,Primary Character
Porto Corsini,Porto Corsini,Place,Adriatic Region's Locations
Punta di Pesaro,Punta di Pesaro,Place,Adriatic Region's Locations
Milano Marittima,Milano Marittima,Place,Adriatic Region's Locations
Cervia,Cervia,Place,Adriatic Region's Locations
Hôtel Mare e Pineta,Hôtel Mare e Pineta,Place,Adriatic Region's Locations
Cesenatico,Cesenatico,Place,Adriatic Region's Locations
Hôtel Britannia,Hôtel Britannia,Place,Adriatic Region's Locations
Viserba,Viserba,Place,Adriatic Region's Locations
Rimini,Rimini,Place,Adriatic Region's Locations
Riccione,Riccione,Place,Adriatic Region's Locations
Cattolica,Cattolica,Place,Adriatic Region's Locations
Riccione,Riccione,Place,Adriatic Region's Locations
Grand Hôtel,Grand Hôtel,Place,Adriatic Region's Locations
Deliliers,Deliliers,Character,Primary Character
Caffè Zanarini,Caffè Zanarini,Place,Adriatic Region's Locations
Grand Hôtel,Grand Hôtel,Place,Adriatic Region's Locations
io,io,Character,Primary Character
Deliliers,Deliliers,Character,Primary Character
Fadigati,Fadigati,Character,Primary Character
Fadigati,Fadigati,Character,Primary Character
Deliliers,Deliliers,Character,Primary Character
Fadigati,Fadigati,Character,Primary Character
Deliliers,Deliliers,Character,Primary Character
mi,mi,Character,Primary Character
Fadigati,Fadigati,Character,Primary Character
Riccione,Riccione,Place,Adriatic Region's Locations
Deliliers,Deliliers,Character,Primary Character
signora Lavezzoli,signora Lavezzoli,Character,Bourgeoisie Character
avvocato,avvocato,Character,Bourgeoisie Character
figli adolescenti,figli adolescenti,Character,Bourgeoisie Character
due maschi,due maschi,Character,Bourgeoisie Character
femmina,femmina,Character,Bourgeoisie Character
degno consorte,degno consorte,Character,Bourgeoisie Character
Deliliers,Deliliers,Character,Primary Character
signora Lavezzoli,signora Lavezzoli,Character,Bourgeoisie Character
Pisa,Pisa,Place,Others
giovanotto,giovanotto,Character,Primary Character
signor dottore,signor dottore,Character,Primary Character
Deliliers,Deliliers,Character,Primary Character
amato bene,amato bene,Character,Primary Character
Deliliers,Deliliers,Character,Primary Character
madre,madre,Character,Family Character
Deliliers,Deliliers,Character,Primary Character
Fadigati,Fadigati,Character,Primary Character
Riccione,Riccione,Place,Adriatic Region's Locations
Italia,Italia,Place,Others
signora Lavezzoli,signora Lavezzoli,Character,Bourgeoisie Character
vecchio degenerato,vecchio degenerato,Character,Primary Character
signora Lavezzoli,signora Lavezzoli,Character,Bourgeoisie Character
io,io,Character,Primary Character
Fadigati,Fadigati,Character,Primary Character
mi,mi,Character,Primary Character
mi,mi,Character,Primary Character
Deliliers,Deliliers,Character,Primary Character
Ferrara,Ferrara,Place,Ferrara's Locations
Fadigati,Fadigati,Character,Primary Character
me,me,Character,Primary Character
mi,mi,Character,Primary Character
avvocato Lavezzoli,avvocato Lavezzoli,Character,Bourgeoisie Character
padre,padre,Character,Family Character
Riccione,Riccione,Place,Adriatic Region's Locations
Fadigati,Fadigati,Character,Primary Character
madre,madre,Character,Family Character
Lavezzoli,Lavezzoli,Character,Bourgeoisie Character
Fadigati,Fadigati,Character,Primary Character
padre,padre,Character,Family Character
padre,padre,Character,Family Character
Riccione,Riccione,Place,Adriatic Region's Locations
Fadigati,Fadigati,Character,Primary Character
Fadigati,Fadigati,Character,Primary Character
padre,padre,Character,Family Character
Deliliers,Deliliers,Character,Primary Character
mi,mi,Character,Primary Character
dottore,dottore,Character,Primary Character
madre,madre,Character,Family Character
avvocato Lavezzoli,avvocato Lavezzoli,Character,Bourgeoisie Character
padre,padre,Character,Family Character
Fadigati,Fadigati,Character,Primary Character
padre,padre,Character,Family Character
Lavezzoli,Lavezzoli,Character,Bourgeoisie Character
avvocato,avvocato,Character,Bourgeoisie Character
figlioli,figlioli,Character,Others
padre,padre,Character,Family Character
Avvocato,Avvocato,Character,Bourgeoisie Character
signora Lavezzoli,signora Lavezzoli,Character,Bourgeoisie Character
Fadigati,Fadigati,Character,Primary Character
Fadigati,Fadigati,Character,Primary Character
Lavezzoli,Lavezzoli,Character,Bourgeoisie Character
signora,signora,Character,Bourgeoisie Character
padre,padre,Character,Family Character
mamma,mamma,Character,Family Character
Bologna,Bologna,Place,Bologna's Locations
padre,padre,Character,Family Character
madre,madre,Character,Family Character
Lavezzoli,Lavezzoli,Character,Bourgeoisie Character
padre,padre,Character,Family Character
Fadigati,Fadigati,Character,Primary Character
Italia,Italia,Place,Others
Lido,Lido,Place,Others
Adriatico,Adriatico,Place,Adriatic Region's Locations
Tirreno,Tirreno,Place,Others
signora Lavezzoli,signora Lavezzoli,Character,Bourgeoisie Character
Tirreno,Tirreno,Place,Others
Riccione,Riccione,Place,Adriatic Region's Locations
viareggio,viareggio,Place,Others
Caffè Zanarini,Caffè Zanarini,Place,Adriatic Region's Locations
Ferrara,Ferrara,Place,Ferrara's Locations
Giovecca,Giovecca,Place,Others
corso Roma,corso Roma,Place,Ferrara's Locations
Caffè della Borsa,Caffè della Borsa,Place,Ferrara's Locations
Fadigati,Fadigati,Character,Primary Character
Deliliers,Deliliers,Character,Primary Character
ragazzi Lavezzoli,ragazzi Lavezzoli,Character,Bourgeoisie Character
madre,madre,Character,Family Character
Fadigati,Fadigati,Character,Primary Character
signora,signora,Character,Bourgeoisie Character
Pascoli,Pascoli,Character,Cultural Character
dottore,dottore,Character,Primary Character
Riviera di Levante,Riviera di Levante,Place,Others
Adriatico,Adriatico,Place,Adriatic Region's Locations
Jugoslavia,Jugoslavia,Place,Others
amico inseparabile,amico inseparabile,Character,Primary Character
signora Lavezzoli,signora Lavezzoli,Character,Bourgeoisie Character
Fadigati,Fadigati,Character,Primary Character
Rimini,Rimini,Place,Adriatic Region's Locations
padre,padre,Character,Family Character
Duce,Duce,Character,Historical Character
signora Lavezzoli,signora Lavezzoli,Character,Bourgeoisie Character
padre,padre,Character,Family Character
padre,padre,Character,Family Character
Mussolini,Mussolini,Character,Historical Character
Hitler,Hitler,Character,Historical Character
Italia,Italia,Place,Others
signora Lavezzoli,signora Lavezzoli,Character,Bourgeoisie Character
Roma,Roma,Place,Others
Riccione,Riccione,Place,Adriatic Region's Locations
padre,padre,Character,Family Character
Donna Rachele,Donna Rachele,Character,Historical Character
avvocato Lavezzoli,avvocato Lavezzoli,Character,Bourgeoisie Character
avvocato Lavezzoli,avvocato Lavezzoli,Character,Bourgeoisie Character
Croce,Croce,Character,Historical Character
avvocato,avvocato,Character,Bourgeoisie Character
padre,padre,Character,Family Character
avv,avv,Character,Bourgeoisie Character
signora Lavezzoli,signora Lavezzoli,Character,Bourgeoisie Character
Filippo,Filippo,Character,Bourgeoisie Character
viale dei Mille,viale dei Mille,Place,Adriatic Region's Locations
Duce,Duce,Character,Historical Character
Pippo,Pippo,Character,Bourgeoisie Character
marito,marito,Character,Bourgeoisie Character
avvocato,avvocato,Character,Bourgeoisie Character
padre,padre,Character,Family Character
Uomo,Uomo,Character,Historical Character
padre,padre,Character,Family Character
avvocato Lavezzoli,avvocato Lavezzoli,Character,Bourgeoisie Character
signora,signora,Character,Bourgeoisie Character
coniuge,coniuge,Character,Bourgeoisie Character
Duce,Duce,Character,Historical Character
Riccione,Riccione,Place,Adriatic Region's Locations
Duce,Duce,Character,Historical Character
Vittorio,Vittorio,Character,Student Character
Bruno,Bruno,Character,Historical Character
Dollfuss,Dollfuss,Character,Historical Character
Mussolini,Mussolini,Character,Historical Character
Duce,Duce,Character,Historical Character
Mussolini,Mussolini,Character,Historical Character
i Dollfuss,i Dollfuss,Character,Historical Character
signora Dollfuss,signora Dollfuss,Character,Historical Character
Duce,Duce,Character,Historical Character
Fadigati,Fadigati,Character,Primary Character
signora Lavezzoli,signora Lavezzoli,Character,Bourgeoisie Character
Deliliers,Deliliers,Character,Primary Character
signora Lavezzoli,signora Lavezzoli,Character,Bourgeoisie Character
suo amico,suo amico,Character,Primary Character
Fadigati,Fadigati,Character,Primary Character
padre,padre,Character,Family Character
Mi,Mi,Character,Primary Character
padre,padre,Character,Family Character
Punta di Pesaro,Punta di Pesaro,Place,Adriatic Region's Locations
mia,mia,Character,Primary Character
Rimini,Rimini,Place,Adriatic Region's Locations
Cesenatico,Cesenatico,Place,Adriatic Region's Locations
mi,mi,Character,Primary Character
Fadigati,Fadigati,Character,Primary Character
Grand Hôtel,Grand Hôtel,Place,Adriatic Region's Locations
Fadigati,Fadigati,Character,Primary Character
mi,mi,Character,Primary Character
me,me,Character,Primary Character
mia,mia,Character,Primary Character
Fadigati,Fadigati,Character,Primary Character
mi,mi,Character,Primary Character
ragazzi Lavezzoli,ragazzi Lavezzoli,Character,Bourgeoisie Character
Caffè Zanarini,Caffè Zanarini,Place,Adriatic Region's Locations
Fanny,Fanny,Character,Family Character
mamma,mamma,Character,Family Character
io,io,Character,Primary Character
mi,mi,Character,Primary Character
mi,mi,Character,Primary Character
Deliliers,Deliliers,Character,Primary Character
Mi,Mi,Character,Primary Character
Mi,Mi,Character,Primary Character
Zanarini,Zanarini,Place,Adriatic Region's Locations
mi,mi,Character,Primary Character
Deliliers,Deliliers,Character,Primary Character
Riccione,Riccione,Place,Adriatic Region's Locations
Rimini,Rimini,Place,Adriatic Region's Locations
Hôtel Vittoria,Hôtel Vittoria,Place,Adriatic Region's Locations
Parma,Parma,Place,Others
signora Lavezzoli,signora Lavezzoli,Character,Bourgeoisie Character
Grand Hôtel,Grand Hôtel,Place,Adriatic Region's Locations
Deliliers,Deliliers,Character,Primary Character
Fadigati,Fadigati,Character,Primary Character
Deliliers,Deliliers,Character,Primary Character
mi,mi,Character,Primary Character
Grand Hôtel,Grand Hôtel,Place,Adriatic Region's Locations
Lavezzoli,Lavezzoli,Character,Bourgeoisie Character
avvocato,avvocato,Character,Bourgeoisie Character
consorte,consorte,Character,Others
mi,mi,Character,Primary Character
signora Lavezzoli,signora Lavezzoli,Character,Bourgeoisie Character
Germania,Germania,Place,Others
Dollfuss,Dollfuss,Character,Historical Character
Hitler,Hitler,Character,Historical Character
padre,padre,Character,Family Character
signora Lavezzoli,signora Lavezzoli,Character,Bourgeoisie Character
Padre Gemelli,Padre Gemelli,Character,Cultural Character
Padre Gemelli,Padre Gemelli,Character,Cultural Character
mi,mi,Character,Primary Character
mi,mi,Character,Primary Character
mi,mi,Character,Primary Character
Deliliers,Deliliers,Character,Primary Character
Riccione,Riccione,Place,Adriatic Region's Locations
mi,mi,Character,Primary Character
Deliliers,Deliliers,Character,Primary Character
mi,mi,Character,Primary Character
mi,mi,Character,Primary Character
Rimini,Rimini,Place,Adriatic Region's Locations
Parma,Parma,Place,Others
Fadigati,Fadigati,Character,Primary Character
Deliliers,Deliliers,Character,Primary Character
Fadigati,Fadigati,Character,Primary Character
Deliliers,Deliliers,Character,Primary Character
Rimini,Rimini,Place,Adriatic Region's Locations
Deliliers,Deliliers,Character,Primary Character
mi,mi,Character,Primary Character
mi,mi,Character,Primary Character
Parma,Parma,Place,Others
signora Lavezzoli,signora Lavezzoli,Character,Bourgeoisie Character
mi,mi,Character,Primary Character
Deliliers,Deliliers,Character,Primary Character
Deliliers,Deliliers,Character,Primary Character
mi,mi,Character,Primary Character
mi,mi,Character,Primary Character
mi,mi,Character,Primary Character
Fadigati,Fadigati,Character,Primary Character
dottore,dottore,Character,Primary Character
mi,mi,Character,Primary Character
mi,mi,Character,Primary Character
Io,Io,Character,Primary Character
mi,mi,Character,Primary Character
Fadigati,Fadigati,Character,Primary Character
mi,mi,Character,Primary Character
Deliliers,Deliliers,Character,Primary Character
Rimini,Rimini,Place,Adriatic Region's Locations
padre,padre,Character,Family Character
madre,madre,Character,Family Character
mamma,mamma,Character,Family Character
Fanny,Fanny,Character,Family Character
mia,mia,Character,Primary Character
Schubert,Schubert,Character,Cultural Character
Fadigati,Fadigati,Character,Primary Character
madre,madre,Character,Family Character
padre,padre,Character,Family Character
mi,mi,Character,Primary Character
Fadigati,Fadigati,Character,Primary Character
mi,mi,Character,Primary Character
Fanny,Fanny,Character,Family Character
mamma,mamma,Character,Family Character
madre,madre,Character,Family Character
sua sorellina,sua sorellina,Character,Family Character
Fadigati,Fadigati,Character,Primary Character
Ernesto,Ernesto,Character,Family Character
Fadigati,Fadigati,Character,Primary Character
Fanny,Fanny,Character,Family Character
signori Lavezzoli,signori Lavezzoli,Character,Bourgeoisie Character
mi,mi,Character,Primary Character
signora Lavezzoli,signora Lavezzoli,Character,Bourgeoisie Character
Lavezzoli,Lavezzoli,Character,Bourgeoisie Character
padre,padre,Character,Family Character
madre,madre,Character,Family Character
padre,padre,Character,Family Character
dottore,dottore,Character,Primary Character
Fadigati,Fadigati,Character,Primary Character
Omero,Omero,Character,Cultural Character
padre,padre,Character,Family Character
Orazio,Orazio,Character,Cultural Character
Deliliers,Deliliers,Character,Primary Character
famiglia Lavezzoli,famiglia Lavezzoli,Character,Bourgeoisie Character
Fadigati,Fadigati,Character,Primary Character
signora Lavezzoli,signora Lavezzoli,Character,Bourgeoisie Character
Deliliers,Deliliers,Character,Primary Character
Fadigati,Fadigati,Character,Primary Character
padre,padre,Character,Family Character
signora Lavezzoli,signora Lavezzoli,Character,Bourgeoisie Character
io,io,Character,Primary Character
ragazzi Lavezzoli,ragazzi Lavezzoli,Character,Bourgeoisie Character
Caffè Zanarini,Caffè Zanarini,Place,Adriatic Region's Locations
io,io,Character,Primary Character
me,me,Character,Primary Character
Franco,Franco,Character,Bourgeoisie Character
Gilberto Lavezzoli,Gilberto Lavezzoli,Character,Bourgeoisie Character
Cristina,Cristina,Character,Bourgeoisie Character
intera famiglia,intera famiglia,Character,Bourgeoisie Character
Fadigati,Fadigati,Character,Primary Character
Melozzo,Melozzo,Character,Cultural Character
Fadigati,Fadigati,Character,Primary Character
Cristina,Cristina,Character,Bourgeoisie Character
Fadigati,Fadigati,Character,Primary Character
Adriatico,Adriatico,Place,Adriatic Region's Locations
mi,mi,Character,Primary Character
mi,mi,Character,Primary Character
signora Lavezzoli,signora Lavezzoli,Character,Bourgeoisie Character
mi,mi,Character,Primary Character
Fadigati,Fadigati,Character,Primary Character
mi,mi,Character,Primary Character
mi,mi,Character,Primary Character
signora Lavezzoli,signora Lavezzoli,Character,Bourgeoisie Character
padre,padre,Character,Family Character
mi,mi,Character,Primary Character
Riccione,Riccione,Place,Adriatic Region's Locations
madre,madre,Character,Family Character
mia,mia,Character,Primary Character
papà,papà,Character,Family Character
mi,mi,Character,Primary Character
mi,mi,Character,Primary Character
mi,mi,Character,Primary Character
mi,mi,Character,Primary Character
signora Lavezzoli,signora Lavezzoli,Character,Bourgeoisie Character
signora Lavezzoli,signora Lavezzoli,Character,Bourgeoisie Character
due maschi,due maschi,Character,Bourgeoisie Character
Cristina,Cristina,Character,Bourgeoisie Character
Fanny,Fanny,Character,Family Character
mi,mi,Character,Primary Character
mi,mi,Character,Primary Character
Ernesto,Ernesto,Character,Family Character
padre,padre,Character,Family Character
fratello,fratello,Character,Family Character
mi,mi,Character,Primary Character
Fanny,Fanny,Character,Family Character
Fadigati,Fadigati,Character,Primary Character
mi,mi,Character,Primary Character
Franco,Franco,Character,Bourgeoisie Character
Gilberto,Gilberto,Character,Bourgeoisie Character
mi,mi,Character,Primary Character
mi,mi,Character,Primary Character
Fadigati,Fadigati,Character,Primary Character
signora Lavezzoli,signora Lavezzoli,Character,Bourgeoisie Character
Grand Hôtel,Grand Hôtel,Place,Adriatic Region's Locations
Deliliers,Deliliers,Character,Primary Character
io,io,Character,Primary Character
Mi,Mi,Character,Primary Character
mi,mi,Character,Primary Character
mi,mi,Character,Primary Character
me,me,Character,Primary Character
Eraldo,Eraldo,Character,Primary Character
Deliliers,Deliliers,Character,Primary Character
io,io,Character,Primary Character
Fadigati,Fadigati,Character,Primary Character
Zanarini,Zanarini,Place,Adriatic Region's Locations
Rimini,Rimini,Place,Adriatic Region's Locations
Ferrara,Ferrara,Place,Ferrara's Locations
mi,mi,Character,Primary Character
Deliliers,Deliliers,Character,Primary Character
mi,mi,Character,Primary Character
mi,mi,Character,Primary Character
Riccione,Riccione,Place,Adriatic Region's Locations
padre,padre,Character,Family Character
Fadigati,Fadigati,Character,Primary Character
padre,padre,Character,Family Character
madre,madre,Character,Family Character
Fanny,Fanny,Character,Family Character
mia,mia,Character,Primary Character
mi,mi,Character,Primary Character
mi,mi,Character,Primary Character
signora Lavezzoli,signora Lavezzoli,Character,Bourgeoisie Character
mi,mi,Character,Primary Character
mi,mi,Character,Primary Character
mi,mi,Character,Primary Character
padre,padre,Character,Family Character
io,io,Character,Primary Character
Mi,Mi,Character,Primary Character
mio,mio,Character,Primary Character
padre,padre,Character,Family Character
madre,madre,Character,Family Character
mi,mi,Character,Primary Character
San Leo,San Leo,Place,Adriatic Region's Locations
Carpegna,Carpegna,Place,Adriatic Region's Locations
Ferrara,Ferrara,Place,Ferrara's Locations
mi,mi,Character,Primary Character
Tubi,Tubi,Character,Others
mia,mia,Character,Primary Character
Vittorio Molon,Vittorio Molon,Character,Student Character
Nino Bottecchiari,Nino Bottecchiari,Character,Student Character
me,me,Character,Primary Character
Mura degli Angeli,Mura degli Angeli,Place,Ferrara's Locations
mi,mi,Character,Primary Character
mi,mi,Character,Primary Character
mi,mi,Character,Primary Character
mi,mi,Character,Primary Character
chiesa di San Cristoforo,chiesa di San Cristoforo,Place,Ferrara's Locations
castello Estense,castello Estense,Place,Ferrara's Locations
duomo,duomo,Place,Ferrara's Locations
Mi,Mi,Character,Primary Character
mia,mia,Character,Primary Character
mi,mi,Character,Primary Character
mi,mi,Character,Primary Character
mi,mi,Character,Primary Character
mia,mia,Character,Primary Character
Caffè della Borsa,Caffè della Borsa,Place,Ferrara's Locations
corso Roma,corso Roma,Place,Ferrara's Locations
mio,mio,Character,Primary Character
Nino Bottecchiari,Nino Bottecchiari,Character,Student Character
mi,mi,Character,Primary Character
Ferrara,Ferrara,Place,Ferrara's Locations
mi,mi,Character,Primary Character
Nino,Nino,Character,Student Character
mi,mi,Character,Primary Character
mi,mi,Character,Primary Character
Mi,Mi,Character,Primary Character
mi,mi,Character,Primary Character
mi,mi,Character,Primary Character
mi,mi,Character,Primary Character
mi,mi,Character,Primary Character
Nino,Nino,Character,Student Character
cameriere Giovanni,cameriere Giovanni,Character,Others
farmacia Barilari,farmacia Barilari,Place,Ferrara's Locations
Nino,Nino,Character,Student Character
me,me,Character,Primary Character
Mi,Mi,Character,Primary Character
Aretusi,Aretusi,Character,Others
Sturla,Sturla,Character,Others
Bellistracci,Bellistracci,Character,Others
Bolognesi,Bolognesi,Character,Others
Gino Cariani,Gino Cariani,Character,Others
Cariani,Cariani,Character,Others
Aretusi,Aretusi,Character,Others
Sciagura,Sciagura,Character,Others
Nino,Nino,Character,Student Character
mi,mi,Character,Primary Character
corso Roma,corso Roma,Place,Ferrara's Locations
Mi,Mi,Character,Primary Character
Giovecca,Giovecca,Place,Others
Nino,Nino,Character,Student Character
mi,mi,Character,Primary Character
Giovanni,Giovanni,Character,Others
duomo,duomo,Place,Ferrara's Locations
Moena,Moena,Place,Others
Val di Fassa,Val di Fassa,Place,Others
Nino,Nino,Character,Student Character
mi,mi,Character,Primary Character
zio Mauro,zio Mauro,Character,Others
Dolomiti,Dolomiti,Place,Others
mi,mi,Character,Primary Character
Arcivescovado,Arcivescovado,Place,Others
Nino,Nino,Character,Student Character
corso Roma,corso Roma,Place,Ferrara's Locations
Nino,Nino,Character,Student Character
Deliliers,Deliliers,Character,Primary Character
Riccione,Riccione,Place,Adriatic Region's Locations
mi,mi,Character,Primary Character
Nino,Nino,Character,Student Character
Riccione,Riccione,Place,Adriatic Region's Locations
Fadigati,Fadigati,Character,Primary Character
Moena,Moena,Place,Others
Deliliers,Deliliers,Character,Primary Character
Parigi,Parigi,Place,Others
me,me,Character,Primary Character
Ferrara,Ferrara,Place,Ferrara's Locations
Bologna,Bologna,Place,Bologna's Locations
Francia,Francia,Place,Others
Francia,Francia,Place,Others
Italia,Italia,Place,Others
me,me,Character,Primary Character
mi,mi,Character,Primary Character
mi,mi,Character,Primary Character
Arcivescovado,Arcivescovado,Place,Others
via Gorgadello,via Gorgadello,Place,Ferrara's Locations
piazza Cattedrale,piazza Cattedrale,Place,Ferrara's Locations
io,io,Character,Primary Character
San Carlo,San Carlo,Place,Ferrara's Locations
duomo,duomo,Place,Ferrara's Locations
mi,mi,Character,Primary Character
Palazzo Arcivescovile,Palazzo Arcivescovile,Place,Ferrara's Locations
mio,mio,Character,Primary Character
Nino Bottecchiari,Nino Bottecchiari,Character,Student Character
mia,mia,Character,Primary Character
mi,mi,Character,Primary Character
Cenzo,Cenzo,Character,Others
Cenzo,Cenzo,Character,Others
Nino,Nino,Character,Student Character
io,io,Character,Primary Character
me,me,Character,Primary Character
mi,mi,Character,Primary Character
mi,mi,Character,Primary Character
ghetto,ghetto,Place,Ferrara's Locations
via Mazzini,via Mazzini,Place,Ferrara's Locations
via Vignatagliata,via Vignatagliata,Place,Ferrara's Locations
vicolo mozzo Torcicoda,vicolo mozzo Torcicoda,Place,Ferrara's Locations
Nino,Nino,Character,Student Character
zio Mauro,zio Mauro,Character,Others
Italia,Italia,Place,Others
Germania,Germania,Place,Others
mi,mi,Character,Primary Character
zio,zio,Character,Others
mia,mia,Character,Primary Character
mio,mio,Character,Primary Character
nostro Paese,nostro Paese,Place,Others
Ferrara,Ferrara,Place,Ferrara's Locations
Ferrara,Ferrara,Place,Ferrara's Locations
Geremia Tabet,Geremia Tabet,Character,Others
Carlo Aretusi,Carlo Aretusi,Character,Others
Vezio Sturla,Vezio Sturla,Character,Others
Osvaldo Bellistracci,Osvaldo Bellistracci,Character,Others
Bolognesi,Bolognesi,Character,Others
Corcos,Corcos,Character,Others
Elia Corcos,Elia Corcos,Character,Others
padre,padre,Character,Family Character
avvocato Lattes,avvocato Lattes,Character,Others
Bruno,Bruno,Character,Historical Character
Ferrara,Ferrara,Place,Ferrara's Locations
Finzi,Finzi,Character,Others
Alberto,Alberto,Character,Others
Finzi,Finzi,Character,Others
Ferrara,Ferrara,Place,Ferrara's Locations
corso Ercole,corso Ercole,Place,Ferrara's Locations
io,io,Character,Primary Character
mi,mi,Character,Primary Character
Gino Cariani,Gino Cariani,Character,Others
io,io,Character,Primary Character
Cariani,Cariani,Character,Others
padre,padre,Character,Family Character
Cariani,Cariani,Character,Others
zio Mauro,zio Mauro,Character,Others
mi,mi,Character,Primary Character
io,io,Character,Primary Character
Nino,Nino,Character,Student Character
mia,mia,Character,Primary Character
mio,mio,Character,Primary Character
mi,mi,Character,Primary Character
mi,mi,Character,Primary Character
Io,Io,Character,Primary Character
me,me,Character,Primary Character
Bologna,Bologna,Place,Bologna's Locations
Fadigati,Fadigati,Character,Primary Character
via Bomporto,via Bomporto,Place,Ferrara's Locations
mi,mi,Character,Primary Character
Italia settentrionale,Italia settentrionale,Place,Others
Condorelli,Condorelli,Character,Others
Beppe,Beppe,Character,Others
Ilario,Ilario,Character,Others
grande Baùsi,grande Baùsi,Character,Others
Ferrara,Ferrara,Place,Ferrara's Locations
Fadigati,Fadigati,Character,Primary Character
mi,mi,Character,Primary Character
mi,mi,Character,Primary Character
mi,mi,Character,Primary Character
Fadigati,Fadigati,Character,Primary Character
via Ripagrande,via Ripagrande,Place,Ferrara's Locations
Montagnone,Montagnone,Place,Ferrara's Locations
io,io,Character,Primary Character
Fadigati,Fadigati,Character,Primary Character
Mi,Mi,Character,Primary Character
Mi,Mi,Character,Primary Character
via Gorgadello,via Gorgadello,Place,Ferrara's Locations
Montagnone,Montagnone,Place,Ferrara's Locations
Fadigati,Fadigati,Character,Primary Character
Acquedotto,Acquedotto,Place,Ferrara's Locations
Fadigati,Fadigati,Character,Primary Character
Fadigati,Fadigati,Character,Primary Character
Fadigati,Fadigati,Character,Primary Character
Fadigati,Fadigati,Character,Primary Character
Mi,Mi,Character,Primary Character
mi,mi,Character,Primary Character
io,io,Character,Primary Character
Deliliers,Deliliers,Character,Primary Character
Fadigati,Fadigati,Character,Primary Character
io,io,Character,Primary Character
me,me,Character,Primary Character
Fadigati,Fadigati,Character,Primary Character
mia,mia,Character,Primary Character
mi,mi,Character,Primary Character
mi,mi,Character,Primary Character
madre,madre,Character,Family Character
mi,mi,Character,Primary Character
Mi,Mi,Character,Primary Character
mi,mi,Character,Primary Character
Mi,Mi,Character,Primary Character
Fadigati,Fadigati,Character,Primary Character
mamma,mamma,Character,Family Character
mi,mi,Character,Primary Character
Fanny,Fanny,Character,Family Character
padre,padre,Character,Family Character
mi,mi,Character,Primary Character
mi,mi,Character,Primary Character
dottore,dottore,Character,Primary Character
Mi,Mi,Character,Primary Character
papà,papà,Character,Family Character
mi,mi,Character,Primary Character
mi,mi,Character,Primary Character
via Gorgadello,via Gorgadello,Place,Ferrara's Locations
Acquedotto,Acquedotto,Place,Ferrara's Locations
via Garibaldi,via Garibaldi,Place,Ferrara's Locations
via Garibaldi,via Garibaldi,Place,Ferrara's Locations
Spianata,Spianata,Place,Ferrara's Locations
via Piangipane,via Piangipane,Place,Ferrara's Locations
mi,mi,Character,Primary Character
padre,padre,Character,Family Character
madre,madre,Character,Family Character
mi,mi,Character,Primary Character
mi,mi,Character,Primary Character
Pontelagoscuro,Pontelagoscuro,Place,Ferrara's Locations
Fadigati,Fadigati,Character,Primary Character
mi,mi,Character,Primary Character
io,io,Character,Primary Character
mia,mia,Character,Primary Character
Fanny,Fanny,Character,Family Character
Mi,Mi,Character,Primary Character
mi,mi,Character,Primary Character
Excelsior,Excelsior,Place,Ferrara's Locations
mi,mi,Character,Primary Character
mamma,mamma,Character,Family Character
mi,mi,Character,Primary Character
mi,mi,Character,Primary Character
mi,mi,Character,Primary Character
Fadigati,Fadigati,Character,Primary Character
mi,mi,Character,Primary Character
mi,mi,Character,Primary Character
mi,mi,Character,Primary Character
Ferrara,Ferrara,Place,Ferrara's Locations
Listone,Listone,Place,Ferrara's Locations
via Bersaglieri del Po,via Bersaglieri del Po,Place,Ferrara's Locations
via Cairoli,via Cairoli,Place,Ferrara's Locations
mi,mi,Character,Primary Character
via Savonarola,via Savonarola,Place,Ferrara's Locations
chiesa di San Girolamo,chiesa di San Girolamo,Place,Ferrara's Locations
mi,mi,Character,Primary Character
Cenzo,Cenzo,Character,Others
mi,mi,Character,Primary Character
mi,mi,Character,Primary Character
me,me,Character,Primary Character
Bologna,Bologna,Place,Bologna's Locations
Torino,Torino,Place,Others
Carpi,Carpi,Place,Others
mamma,mamma,Character,Family Character
fratello,fratello,Character,Family Character
Ernesto,Ernesto,Character,Family Character
Parigi,Parigi,Place,Others
Italia,Italia,Place,Others
Milano,Milano,Place,Others
Ferrara,Ferrara,Place,Ferrara's Locations
papà,papà,Character,Family Character
Ernesto,Ernesto,Character,Family Character
Nino Bottecchiari,Nino Bottecchiari,Character,Student Character
Fanny,Fanny,Character,Family Character
mamma,mamma,Character,Family Character
Ernesto,Ernesto,Character,Family Character
padre,padre,Character,Family Character
Elisa,Elisa,Character,Family Character
mamma,mamma,Character,Family Character
Ernesto,Ernesto,Character,Family Character
papà,papà,Character,Family Character
mamma,mamma,Character,Family Character
papà,papà,Character,Family Character
mia,mia,Character,Primary Character
mio,mio,Character,Primary Character
io,io,Character,Primary Character
mi,mi,Character,Primary Character
mamma,mamma,Character,Family Character
padre,padre,Character,Family Character
Credito Italiano,Credito Italiano,Place,Ferrara's Locations
Geremia Tabet,Geremia Tabet,Character,Others
Ferrara,Ferrara,Place,Ferrara's Locations
Sua Eccellenza Bocchini,Sua Eccellenza Bocchini,Character,Others
Credito,Credito,Place,Ferrara's Locations
Tabet,Tabet,Character,Others
padre,padre,Character,Family Character
Roma,Roma,Place,Others
Viminale,Viminale,Place,Others
Sua Eccellenza,Sua Eccellenza,Character,Others
dottor Corazza,dottor Corazza,Character,Others
avvocato,avvocato,Character,Bourgeoisie Character
Bocchini,Bocchini,Character,Others
Tabet,Tabet,Character,Others
Italia,Italia,Place,Others
Bocchini,Bocchini,Character,Others
Duce,Duce,Character,Historical Character
Italia,Italia,Place,Others
Germania,Germania,Place,Others
Duce,Duce,Character,Historical Character
Capo della Polizia,Capo della Polizia,Character,Others
mamma,mamma,Character,Family Character
Mussolini,Mussolini,Character,Historical Character
Elisa,Elisa,Character,Family Character
padre,padre,Character,Family Character
mi,mi,Character,Primary Character
mi,mi,Character,Primary Character
mi,mi,Character,Primary Character
mi,mi,Character,Primary Character
Elisa,Elisa,Character,Family Character
papà,papà,Character,Family Character
Capo della Polizia,Capo della Polizia,Character,Others
padre,padre,Character,Family Character
mi,mi,Character,Primary Character
mio,mio,Character,Primary Character
Torino,Torino,Place,Others
Cenzo,Cenzo,Character,Others
mi,mi,Character,Primary Character
padre,padre,Character,Family Character
padre,padre,Character,Family Character
Io,Io,Character,Primary Character
mi,mi,Character,Primary Character
mio,mio,Character,Primary Character
io,io,Character,Primary Character
Elisa,Elisa,Character,Family Character
padre,padre,Character,Family Character
mamma,mamma,Character,Family Character
padre,padre,Character,Family Character
mio,mio,Character,Primary Character
mi,mi,Character,Primary Character
PONTELAGOSCURO,PONTELAGOSCURO,Place,Ferrara's Locations
mi,mi,Character,Primary Character
mi,mi,Character,Primary Character
Elisa,Elisa,Character,Family Character
Fadigati,Fadigati,Character,Primary Character
